country,1984
Afghanistan,0.010768524990620714
Albania,0.0028454424147291075
Algeria,0.020480070380973287
Andorra,3.995964389428439e-05
Angola,0.009066600699440113
Antigua and Barbuda,6.169042862913274e-05
Argentina,0.028749307049986374
Armenia,0.0030954425930946193
Australia,0.014999297239883221
Austria,0.007268522493503547
Azerbaijan,0.006451214218077836
Bahamas,0.0002387097856948663
Bahrain,0.00039832528418977007
Bangladesh,0.09403781516928736
Barbados,0.0002444790205802243
Belarus,0.009499293315841961
Belgium,0.009489677924366363
Belize,0.00015313280156205647
Benin,0.004239674178690616
Bhutan,0.0004733253376994236
Bolivia,0.006037752384627182
Bosnia and Herzegovina,0.004133904872459053
Botswana,0.0010377488173169446
Brazil,0.12788399316338742
Brunei,0.00020313283723515885
Bulgaria,0.008605061908611475
Burkina Faso,0.007470445714491077
Burundi,0.0047396745354216395
Cambodia,0.005624290551176528
Cameroon,0.009114677656818096
Canada,0.024710842630235798
Cape Verde,0.00032909446556547445
Central African Republic,0.0024704421471808398
Chad,0.0048550592331287985
Chile,0.011730064138180374
China,1.0
Colombia,0.027499306158158814
Comoros,0.0003627483357300626
"Congo, Dem. Rep.",0.029037768794254272
"Congo, Rep.",0.0019223648330718326
Costa Rica,0.0025665960619368055
Cote d'Ivoire,0.009278139311903239
Croatia,0.004547366705909707
Cuba,0.009710831928305085
Cyprus,0.000690633185047907
Czech Republic,0.009903139757817018
Denmark,0.004912751581982379
Djibouti,0.00036851757061542054
Dominica,6.861351049156229e-05
Dominican Republic,0.006047367776102778
Ecuador,0.008720446606318636
Egypt,0.04730701259788783
El Salvador,0.0046146744462388836
Equatorial Guinea,0.000350248326811787
Eritrea,0.0017012108291331106
Estonia,0.0014608260422431954
Eswatini,0.0006540946974406398
Ethiopia,0.03721085154851139
Fiji,0.000679094715277191
Finland,0.004691597578043657
France,0.0530762474832458
Gabon,0.0008012101870172679
Gambia,0.0007935178738367907
Georgia,0.005124290194445504
Germany,0.07499934004760607
Ghana,0.012883911115251967
Greece,0.009595447230597926
Grenada,9.111352654445836e-05
Guatemala,0.007335830233832724
Guinea,0.005268521066579453
Guinea-Bissau,0.000849287144395251
Guyana,0.0007435178381636883
Haiti,0.005835829163639653
Holy See,0.0
Honduras,0.004037750957703087
"Hong Kong, China",0.005114674802969907
Hungary,0.010191601502084917
Iceland,0.00023005593336682936
India,0.7259613429454966
Indonesia,0.15673016759017724
Iran,0.04596085779130431
Iraq,0.014710835495615323
Ireland,0.0033839043373625173
Israel,0.003874289302617945
Italy,0.054614710119341256
Jamaica,0.002172365011437345
Japan,0.11538398424511183
Jordan,0.0025473652789856126
Kazakhstan,0.015191605069395153
Kenya,0.01778776076780624
Kiribati,6.197889037340063e-05
Kuwait,0.0017492877865110936
Kyrgyz Republic,0.0038839046940935414
Lao,0.003499289035069677
Latvia,0.002460826755705243
Lebanon,0.003028134852765443
Lesotho,0.001518518391096775
Liberia,0.002085826488156975
Libya,0.0036242891242524327
Liechtenstein,2.486347927759771e-05
Lithuania,0.003393519728838114
Luxembourg,0.00035120986595934666
Madagascar,0.009710831928305085
Malawi,0.007047368489564826
Malaysia,0.014230065921835492
Maldives,0.00017620974110348834
Mali,0.007893522939417327
Malta,0.00033678677874595173
Marshall Islands,3.419040900892642e-05
Mauritania,0.0015858261314259513
Mauritius,0.0009704410769877683
Mexico,0.0706724138835876
"Micronesia, Fed. Sts.",8.313275161971317e-05
Moldova,0.00405698174065428
Monaco,2.6594249743205103e-05
Mongolia,0.0017973647438890767
Montenegro,0.0005762100264883073
Morocco,0.020768532125241188
Mozambique,0.01182621805293634
Myanmar,0.034518541935344337
Namibia,0.001028133425841348
Nauru,7.344236009060691e-06
Nepal,0.016441605961222714
Netherlands,0.013941604177567594
New Zealand,0.003124288767521409
Nicaragua,0.0034800582521184835
Niger,0.006643522047589768
Nigeria,0.07932626621162454
North Korea,0.018556992085853968
North Macedonia,0.0019223648330718326
Norway,0.003980058608849507
Oman,0.001201210472402087
Pakistan,0.09153781338563224
Palau,1.2075008615054222e-05
Palestine,0.0016242876973283377
Panama,0.002066595705205782
Papua New Guinea,0.0032781350311309547
Paraguay,0.0032781350311309547
Peru,0.018460838171098
Philippines,0.051633938761906306
Poland,0.035480081082904
Portugal,0.009576216447646732
Qatar,0.0003339021613032728
Romania,0.02163391735804488
Russia,0.13653784549142436
Rwanda,0.0058742907295420395
Samoa,0.0001598635755949741
San Marino,2.072886094309117e-05
Sao Tome and Principe,0.0001012096875938348
Saudi Arabia,0.0074031379741619
Senegal,0.006249290997090307
Serbia,0.00757621502072264
Seychelles,6.572889304888332e-05
Sierra Leone,0.003422365903264904
Singapore,0.0026146730193147886
Slovak Republic,0.004922366973457975
Slovenia,0.0018550570927426565
Solomon Islands,0.00026178672523629817
Somalia,0.006181983256761131
South Africa,0.03259546364022502
South Korea,0.039037775928874745
South Sudan,0.004566597488860901
Spain,0.03692238980424349
Sri Lanka,0.014806989410371289
St. Kitts and Nevis,3.976733606477245e-05
St. Lucia,0.00012140200969258768
St. Vincent and the Grenadines,0.00010313276588895412
Sudan,0.018749299915365898
Suriname,0.00036659449232030126
Sweden,0.008018523028600082
Switzerland,0.006191598648236728
Syria,0.009903139757817018
Taiwan,0.018556992085853968
Tajikistan,0.004306981919019792
Tanzania,0.02096083995475312
Thailand,0.04749932042739976
Timor-Leste,0.0006598639323259978
Togo,0.003201211899326182
Tonga,9.351737441335752e-05
Trinidad and Tobago,0.001124287340597314
Tunisia,0.006941599183333263
Turkey,0.04769162825691169
Turkmenistan,0.003028134852765443
Tuvalu,6.882697218232053e-06
UAE,0.0012589028212556667
UK,0.054326248375073355
USA,0.22980714280471148
Uganda,0.01403775809232356
Ukraine,0.04894162914873925
Uruguay,0.0028839039806314937
Uzbekistan,0.01673006770549061
Vanuatu,0.00012140200969258768
Venezuela,0.016345452046466747
Vietnam,0.055480095352144945
Yemen,0.010576217161108781
Zambia,0.0063262141288950805
Zimbabwe,0.008066599985978066
